{"cameraMode":{"drawMode":0,"name":"Shaded","section":"Shading Mode"},"sceneLighting":false,"audioPlay":false,"sceneViewState":{"showFog":true,"showMaterialUpdate":false,"showSkybox":false,"showFlares":true,"showImageEffects":true,"showParticleSystems":true},"in2DMode":false,"pivot":{"x":-1.310445785522461,"y":-0.3147934079170227,"z":-13.334304809570313},"rotation":{"x":-0.30552637577056887,"y":0.011660905554890633,"z":-0.003763423301279545,"w":-0.9521222114562988},"size":20.454069137573243,"orthographic":false}