{"cameraMode":{"drawMode":0,"name":"Shaded","section":"Shading Mode"},"sceneLighting":false,"audioPlay":false,"sceneViewState":{"showFog":true,"showMaterialUpdate":false,"showSkybox":false,"showFlares":true,"showImageEffects":true,"showParticleSystems":true},"in2DMode":false,"pivot":{"x":-23.29774284362793,"y":89.39896392822266,"z":-100.37471771240235},"rotation":{"x":0.5847245454788208,"y":-0.025542860850691797,"z":0.018424950540065767,"w":0.8106203079223633},"size":22.28204917907715,"orthographic":false}