{"cameraMode":{"drawMode":0,"name":"Shaded","section":"Shading Mode"},"sceneLighting":false,"audioPlay":false,"sceneViewState":{"showFog":true,"showMaterialUpdate":false,"showSkybox":false,"showFlares":true,"showImageEffects":true,"showParticleSystems":true},"in2DMode":false,"pivot":{"x":511.9749450683594,"y":380.6026916503906,"z":-0.13206662237644196},"rotation":{"x":0.01950777694582939,"y":0.0141518022865057,"z":-0.0002564030000939965,"w":0.9997269511222839},"size":150.3022003173828,"orthographic":false}