{"cameraMode":{"drawMode":0,"name":"Shaded","section":"Shading Mode"},"sceneLighting":false,"audioPlay":false,"sceneViewState":{"showFog":true,"showMaterialUpdate":false,"showSkybox":false,"showFlares":true,"showImageEffects":true,"showParticleSystems":true},"in2DMode":false,"pivot":{"x":110.478271484375,"y":0.13782429695129395,"z":1.6619279384613038},"rotation":{"x":-0.15829655528068543,"y":-0.6423068046569824,"z":0.1379002332687378,"w":-0.7371511459350586},"size":4.950000286102295,"orthographic":false}