{"cameraMode":{"drawMode":0,"name":"Shaded","section":"Shading Mode"},"sceneLighting":false,"audioPlay":false,"sceneViewState":{"showFog":true,"showMaterialUpdate":false,"showSkybox":false,"showFlares":true,"showImageEffects":true,"showParticleSystems":true},"in2DMode":false,"pivot":{"x":-24.433509826660158,"y":88.28945922851563,"z":-102.38629150390625},"rotation":{"x":0.324715793132782,"y":-0.031204018741846086,"z":0.01071956567466259,"w":0.9452361464500427},"size":31.68731117248535,"orthographic":false}