{"cameraMode":{"drawMode":0,"name":"Shaded","section":"Shading Mode"},"sceneLighting":false,"audioPlay":false,"sceneViewState":{"showFog":true,"showMaterialUpdate":false,"showSkybox":false,"showFlares":true,"showImageEffects":true,"showParticleSystems":true},"in2DMode":false,"pivot":{"x":4.171629428863525,"y":-1.1958682537078858,"z":-5.944512367248535},"rotation":{"x":-0.08578836172819138,"y":0.8952563405036926,"z":-0.39051365852355959,"w":-0.19678199291229249},"size":29.310327529907228,"orthographic":false}