{"cameraMode":{"drawMode":0,"name":"Shaded","section":"Shading Mode"},"sceneLighting":false,"audioPlay":false,"sceneViewState":{"showFog":true,"showMaterialUpdate":false,"showSkybox":false,"showFlares":true,"showImageEffects":true,"showParticleSystems":true},"in2DMode":false,"pivot":{"x":0.5483106374740601,"y":1.3335930109024048,"z":-4.295558929443359},"rotation":{"x":0.10755845904350281,"y":0.8807290196418762,"z":-0.39362800121307375,"w":0.24056409299373628},"size":5.241659164428711,"orthographic":false}