{"cameraMode":{"drawMode":0,"name":"Shaded","section":"Shading Mode"},"sceneLighting":false,"audioPlay":false,"sceneViewState":{"showFog":true,"showMaterialUpdate":false,"showSkybox":false,"showFlares":true,"showImageEffects":true,"showParticleSystems":true},"in2DMode":false,"pivot":{"x":0.0002396702766418457,"y":0.828818678855896,"z":0.037631601095199588},"rotation":{"x":0.34525495767593386,"y":0.0031346732284873726,"z":-0.0011516101658344269,"w":0.9385123252868652},"size":4.771058082580566,"orthographic":false}