{"cameraMode":{"drawMode":0,"name":"Shaded","section":"Shading Mode"},"sceneLighting":false,"audioPlay":false,"sceneViewState":{"showFog":true,"showMaterialUpdate":false,"showSkybox":false,"showFlares":true,"showImageEffects":true,"showParticleSystems":true},"in2DMode":false,"pivot":{"x":0.2741144299507141,"y":-0.34603768587112429,"z":0.050484638661146167},"rotation":{"x":0.0006034660618752241,"y":0.9978381991386414,"z":-0.06566394120454788,"w":0.008633621968328953},"size":4.041658401489258,"orthographic":false}