{"cameraMode":{"drawMode":0,"name":"Shaded","section":"Shading Mode"},"sceneLighting":false,"audioPlay":false,"sceneViewState":{"showFog":true,"showMaterialUpdate":false,"showSkybox":false,"showFlares":true,"showImageEffects":true,"showParticleSystems":true},"in2DMode":false,"pivot":{"x":7.072901248931885,"y":-0.22917872667312623,"z":-1.9903899431228638},"rotation":{"x":-0.1568208932876587,"y":0.022467128932476045,"z":-0.003587632440030575,"w":-0.9873812198638916},"size":29.61747169494629,"orthographic":false}