{"cameraMode":{"drawMode":0,"name":"Shaded","section":"Shading Mode"},"sceneLighting":false,"audioPlay":false,"sceneViewState":{"showFog":true,"showMaterialUpdate":false,"showSkybox":false,"showFlares":true,"showImageEffects":true,"showParticleSystems":true},"in2DMode":false,"pivot":{"x":0.21186231076717378,"y":0.23316940665245057,"z":1.1180847883224488},"rotation":{"x":-0.016491608694195749,"y":0.030287085101008416,"z":0.0004997400683350861,"w":0.9994062185287476},"size":4.7333269119262699,"orthographic":false}