{"cameraMode":{"drawMode":0,"name":"Shaded","section":"Shading Mode"},"sceneLighting":false,"audioPlay":false,"sceneViewState":{"showFog":true,"showMaterialUpdate":false,"showSkybox":false,"showFlares":true,"showImageEffects":true,"showParticleSystems":true},"in2DMode":false,"pivot":{"x":-1.2044435739517213,"y":-1.713202953338623,"z":3.9561119079589845},"rotation":{"x":0.22311948239803315,"y":0.0044451081193983559,"z":-0.00099294469691813,"w":0.9748035073280335},"size":20.186904907226564,"orthographic":false}