{"cameraMode":{"drawMode":0,"name":"Shaded","section":"Shading Mode"},"sceneLighting":false,"audioPlay":false,"sceneViewState":{"showFog":true,"showMaterialUpdate":false,"showSkybox":false,"showFlares":true,"showImageEffects":true,"showParticleSystems":true},"in2DMode":false,"pivot":{"x":3.82532000541687,"y":0.5470962524414063,"z":-1.421600341796875},"rotation":{"x":-0.1464087814092636,"y":0.031403303146362308,"z":-0.004669311456382275,"w":-0.9887306690216065},"size":39.12849426269531,"orthographic":false}