{"cameraMode":{"drawMode":0,"name":"Shaded","section":"Shading Mode"},"sceneLighting":false,"audioPlay":false,"sceneViewState":{"showFog":true,"showMaterialUpdate":false,"showSkybox":false,"showFlares":true,"showImageEffects":true,"showParticleSystems":true},"in2DMode":false,"pivot":{"x":-0.07446695864200592,"y":0.10976925492286682,"z":-8.35181999206543},"rotation":{"x":0.0006034660618752241,"y":0.9978381991386414,"z":-0.06566394120454788,"w":0.008633621968328953},"size":11.198471069335938,"orthographic":false}