{"cameraMode":{"drawMode":0,"name":"Shaded","section":"Shading Mode"},"sceneLighting":false,"audioPlay":false,"sceneViewState":{"showFog":true,"showMaterialUpdate":false,"showSkybox":false,"showFlares":true,"showImageEffects":true,"showParticleSystems":true},"in2DMode":false,"pivot":{"x":500.79150390625,"y":517.039794921875,"z":6.598005294799805},"rotation":{"x":0.0240082498639822,"y":0.009053761139512062,"z":-0.00019176957721356302,"w":0.9996985793113709},"size":362.3780212402344,"orthographic":false}