{"cameraMode":{"drawMode":0,"name":"Shaded","section":"Shading Mode"},"sceneLighting":false,"audioPlay":false,"sceneViewState":{"showFog":true,"showMaterialUpdate":false,"showSkybox":false,"showFlares":true,"showImageEffects":true,"showParticleSystems":true},"in2DMode":false,"pivot":{"x":-1.8082385063171387,"y":2.8535518646240236,"z":-3.0896670818328859},"rotation":{"x":0.4196963310241699,"y":0.31493309140205386,"z":-0.15798403322696687,"w":0.836524248123169},"size":0.10719925165176392,"orthographic":false}