{"cameraMode":{"drawMode":0,"name":"Shaded","section":"Shading Mode"},"sceneLighting":false,"audioPlay":false,"sceneViewState":{"showFog":true,"showMaterialUpdate":false,"showSkybox":false,"showFlares":true,"showImageEffects":true,"showParticleSystems":true},"in2DMode":false,"pivot":{"x":-1.3618255853652955,"y":3.06032657623291,"z":-2.7857961654663088},"rotation":{"x":0.11262059956789017,"y":-0.14045335352420808,"z":0.016099752858281137,"w":0.983547031879425},"size":13.63505744934082,"orthographic":false}