{"cameraMode":{"drawMode":0,"name":"Shaded","section":"Shading Mode"},"sceneLighting":false,"audioPlay":false,"sceneViewState":{"showFog":true,"showMaterialUpdate":false,"showSkybox":false,"showFlares":true,"showImageEffects":true,"showParticleSystems":true},"in2DMode":false,"pivot":{"x":-14.157666206359864,"y":303.87835693359377,"z":-23.471031188964845},"rotation":{"x":0.0009867760818451644,"y":-0.9676694869995117,"z":0.2522572875022888,"w":0.003825223306193948},"size":67.13047790527344,"orthographic":false}