{"cameraMode":{"drawMode":0,"name":"Shaded","section":"Shading Mode"},"sceneLighting":false,"audioPlay":false,"sceneViewState":{"showFog":true,"showMaterialUpdate":false,"showSkybox":false,"showFlares":true,"showImageEffects":true,"showParticleSystems":true},"in2DMode":false,"pivot":{"x":0.13417327404022218,"y":0.26889824867248537,"z":0.25816941261291506},"rotation":{"x":-0.0009533769334666431,"y":-0.9980958104133606,"z":0.05996771529316902,"w":-0.015520109795033932},"size":4.041658401489258,"orthographic":false}