{"cameraMode":{"drawMode":0,"name":"Shaded","section":"Shading Mode"},"sceneLighting":false,"audioPlay":false,"sceneViewState":{"showFog":true,"showMaterialUpdate":false,"showSkybox":false,"showFlares":true,"showImageEffects":true,"showParticleSystems":true},"in2DMode":false,"pivot":{"x":-0.13999998569488526,"y":1.5999999046325684,"z":-2.930000066757202},"rotation":{"x":0.33173874020576479,"y":0.0664948970079422,"z":-0.023424413055181505,"w":0.9407652020454407},"size":6.651362895965576,"orthographic":false}