{"cameraMode":{"drawMode":0,"name":"Shaded","section":"Shading Mode"},"sceneLighting":false,"audioPlay":false,"sceneViewState":{"showFog":true,"showMaterialUpdate":false,"showSkybox":false,"showFlares":true,"showImageEffects":true,"showParticleSystems":true},"in2DMode":false,"pivot":{"x":-3.272914171218872,"y":-3.7875096797943117,"z":3.8520259857177736},"rotation":{"x":0.2825194299221039,"y":-0.022442461922764779,"z":0.006611695978790522,"w":0.958976686000824},"size":40.89641189575195,"orthographic":false}