{"cameraMode":{"drawMode":0,"name":"Shaded","section":"Shading Mode"},"sceneLighting":false,"audioPlay":false,"sceneViewState":{"showFog":true,"showMaterialUpdate":false,"showSkybox":false,"showFlares":true,"showImageEffects":true,"showParticleSystems":true},"in2DMode":false,"pivot":{"x":500.5579833984375,"y":535.82861328125,"z":14.388566970825196},"rotation":{"x":0.04799063876271248,"y":-0.010431935079395771,"z":0.0005276476149447262,"w":0.998818039894104},"size":362.3780212402344,"orthographic":false}