{"cameraMode":{"drawMode":0,"name":"Shaded","section":"Shading Mode"},"sceneLighting":false,"audioPlay":false,"sceneViewState":{"showFog":true,"showMaterialUpdate":false,"showSkybox":false,"showFlares":true,"showImageEffects":true,"showParticleSystems":true},"in2DMode":false,"pivot":{"x":3.894747734069824,"y":-4.525154113769531,"z":5.472867012023926},"rotation":{"x":0.2840348780155182,"y":0.002015188103541732,"z":-0.0005969430203549564,"w":0.9588125944137573},"size":38.63230514526367,"orthographic":false}