{"cameraMode":{"drawMode":0,"name":"Shaded","section":"Shading Mode"},"sceneLighting":false,"audioPlay":false,"sceneViewState":{"showFog":true,"showMaterialUpdate":false,"showSkybox":false,"showFlares":true,"showImageEffects":true,"showParticleSystems":true},"in2DMode":false,"pivot":{"x":-3.94138765335083,"y":1.1520843505859376,"z":-3.768521308898926},"rotation":{"x":0.1390596479177475,"y":-0.005885585676878691,"z":0.0008426659042015672,"w":0.9902912974357605},"size":6.253204822540283,"orthographic":false}