{"cameraMode":{"drawMode":0,"name":"Shaded","section":"Shading Mode"},"sceneLighting":true,"audioPlay":false,"sceneViewState":{"showFog":true,"showMaterialUpdate":false,"showSkybox":true,"showFlares":true,"showImageEffects":true,"showParticleSystems":true},"in2DMode":false,"pivot":{"x":6.757551193237305,"y":-1.3672046661376954,"z":1.1587467193603516},"rotation":{"x":0.2756335139274597,"y":0.41082361340522768,"z":-0.13182251155376435,"w":0.8590040802955627},"size":37.48211669921875,"orthographic":false}