{"cameraMode":{"drawMode":0,"name":"Shaded","section":"Shading Mode"},"sceneLighting":false,"audioPlay":false,"sceneViewState":{"showFog":true,"showMaterialUpdate":false,"showSkybox":false,"showFlares":true,"showImageEffects":true,"showParticleSystems":true},"in2DMode":false,"pivot":{"x":-0.08076393604278565,"y":-0.2693214416503906,"z":-2.5643653869628908},"rotation":{"x":0.24485532939434052,"y":0.031118538230657579,"z":-0.00786352064460516,"w":0.9690307378768921},"size":28.91138458251953,"orthographic":false}