{"cameraMode":{"drawMode":0,"name":"Shaded","section":"Shading Mode"},"sceneLighting":true,"audioPlay":false,"sceneViewState":{"showFog":true,"showMaterialUpdate":false,"showSkybox":false,"showFlares":true,"showImageEffects":true,"showParticleSystems":true},"in2DMode":false,"pivot":{"x":-0.04307161271572113,"y":-0.3626028597354889,"z":-0.766236424446106},"rotation":{"x":0.46828973293304446,"y":-0.022468551993370057,"z":0.011935397051274777,"w":0.8832412958145142},"size":4.278876781463623,"orthographic":false}