{"cameraMode":{"drawMode":0,"name":"Shaded","section":"Shading Mode"},"sceneLighting":false,"audioPlay":false,"sceneViewState":{"showFog":true,"showMaterialUpdate":false,"showSkybox":false,"showFlares":true,"showImageEffects":true,"showParticleSystems":true},"in2DMode":false,"pivot":{"x":-0.02550029754638672,"y":0.7350000143051148,"z":-0.007505893707275391},"rotation":{"x":-0.2723850905895233,"y":0.030541623011231424,"z":-0.008670562878251076,"w":-0.9616808891296387},"size":58.39839553833008,"orthographic":false}