{"cameraMode":{"drawMode":0,"name":"Shaded","section":"Shading Mode"},"sceneLighting":false,"audioPlay":false,"sceneViewState":{"showFog":true,"showMaterialUpdate":false,"showSkybox":false,"showFlares":true,"showImageEffects":true,"showParticleSystems":true},"in2DMode":false,"pivot":{"x":-4.292914390563965,"y":2.099701404571533,"z":-0.6170423030853272},"rotation":{"x":0.21178491413593293,"y":-0.3960680365562439,"z":0.09443223476409912,"w":0.8884777426719666},"size":2.830660343170166,"orthographic":false}