{"cameraMode":{"drawMode":0,"name":"Shaded","section":"Shading Mode"},"sceneLighting":false,"audioPlay":false,"sceneViewState":{"showFog":true,"showMaterialUpdate":false,"showSkybox":false,"showFlares":true,"showImageEffects":true,"showParticleSystems":true},"in2DMode":false,"pivot":{"x":3.8473618030548097,"y":303.3726501464844,"z":-14.213279724121094},"rotation":{"x":0.023902202025055887,"y":-0.709453284740448,"z":0.7039581537246704,"w":0.02410200424492359},"size":37.87982177734375,"orthographic":false}