{"cameraMode":{"drawMode":0,"name":"Shaded","section":"Shading Mode"},"sceneLighting":false,"audioPlay":false,"sceneViewState":{"showFog":true,"showMaterialUpdate":false,"showSkybox":false,"showFlares":true,"showImageEffects":true,"showParticleSystems":true},"in2DMode":false,"pivot":{"x":3.8600399494171144,"y":2.355412006378174,"z":-0.0423583984375},"rotation":{"x":-0.01948871649801731,"y":-0.002345578745007515,"z":-0.000025609922886360437,"w":0.9998278021812439},"size":6.74812650680542,"orthographic":false}