{"cameraMode":{"drawMode":0,"name":"Shaded","section":"Shading Mode"},"sceneLighting":false,"audioPlay":false,"sceneViewState":{"showFog":true,"showMaterialUpdate":false,"showSkybox":false,"showFlares":true,"showImageEffects":true,"showParticleSystems":true},"in2DMode":false,"pivot":{"x":-1.948722004890442,"y":0.9793522357940674,"z":0.13929100334644319},"rotation":{"x":0.5927467346191406,"y":0.010935763828456402,"z":-0.008011134341359139,"w":0.8053113222122192},"size":2.842115879058838,"orthographic":false}