{"cameraMode":{"drawMode":0,"name":"Shaded","section":"Shading Mode"},"sceneLighting":false,"audioPlay":false,"sceneViewState":{"showFog":true,"showMaterialUpdate":false,"showSkybox":false,"showFlares":true,"showImageEffects":true,"showParticleSystems":true},"in2DMode":false,"pivot":{"x":504.8612976074219,"y":386.1177978515625,"z":2.736945152282715},"rotation":{"x":0.024007458239793779,"y":-0.00834281463176012,"z":0.00022011874534655362,"w":0.999694287776947},"size":160.5144805908203,"orthographic":false}