{"cameraMode":{"drawMode":0,"name":"Shaded","section":"Shading Mode"},"sceneLighting":false,"audioPlay":false,"sceneViewState":{"showFog":true,"showMaterialUpdate":false,"showSkybox":false,"showFlares":true,"showImageEffects":true,"showParticleSystems":true},"in2DMode":false,"pivot":{"x":-1.5514709949493409,"y":0.7202475666999817,"z":-0.2192051261663437},"rotation":{"x":0.3187030851840973,"y":0.43101179599761965,"z":-0.16591565310955048,"w":0.8277621269226074},"size":0.8229286074638367,"orthographic":false}