{"cameraMode":{"drawMode":0,"name":"Shaded","section":"Shading Mode"},"sceneLighting":true,"audioPlay":false,"sceneViewState":{"showFog":true,"showMaterialUpdate":false,"showSkybox":false,"showFlares":true,"showImageEffects":true,"showParticleSystems":true},"in2DMode":false,"pivot":{"x":-1.9273309707641602,"y":6.175588607788086,"z":-7.175382614135742},"rotation":{"x":0.24729520082473756,"y":0.5053874850273132,"z":-0.15383189916610719,"w":0.8122950196266174},"size":7.28278112411499,"orthographic":false}