{"cameraMode":{"drawMode":0,"name":"Shaded","section":"Shading Mode"},"sceneLighting":false,"audioPlay":false,"sceneViewState":{"showFog":true,"showMaterialUpdate":false,"showSkybox":false,"showFlares":true,"showImageEffects":true,"showParticleSystems":true},"in2DMode":false,"pivot":{"x":-1.672124981880188,"y":0.04496988654136658,"z":-2.7943217754364015},"rotation":{"x":-0.45770952105522158,"y":0.017552128061652185,"z":-0.009059821255505085,"w":-0.8889003992080689},"size":23.424959182739259,"orthographic":false}