{"cameraMode":{"drawMode":0,"name":"Shaded","section":"Shading Mode"},"sceneLighting":true,"audioPlay":false,"sceneViewState":{"showFog":true,"showMaterialUpdate":false,"showSkybox":true,"showFlares":true,"showImageEffects":true,"showParticleSystems":true},"in2DMode":false,"pivot":{"x":-0.09495754539966583,"y":-0.3234821557998657,"z":-1.2897450923919678},"rotation":{"x":-0.173103466629982,"y":0.015065708197653294,"z":-0.0026486862916499378,"w":-0.9847875833511353},"size":10.962547302246094,"orthographic":false}