{"cameraMode":{"drawMode":0,"name":"Shaded","section":"Shading Mode"},"sceneLighting":false,"audioPlay":false,"sceneViewState":{"showFog":true,"showMaterialUpdate":false,"showSkybox":false,"showFlares":true,"showImageEffects":true,"showParticleSystems":true},"in2DMode":false,"pivot":{"x":111.28501892089844,"y":1.6766554117202759,"z":2.2926225662231447},"rotation":{"x":-0.13823202252388,"y":-0.6976889371871948,"z":0.13996770977973939,"w":-0.6888799667358398},"size":6.450001239776611,"orthographic":false}